<?xml version="1.0" encoding="utf-8"?><diagnosis><title></title><content></content><analy_result><event><totle><spo2>3</spo2><pulse>12</pulse></totle><time><spo2>1.1</spo2><pulse>3.5</pulse></time><avg><spo2>22.7</spo2><pulse>17.5</pulse></avg><index><spo2>16.7</spo2><pulse>66.8</pulse></index><artifact><spo2>0.0</spo2><pulse>0.0</pulse></artifact><artifact_index><spo2>16.7</spo2><pulse>66.8</pulse></artifact_index></event><spo2><basal>95.0</basal><time_low>0.0</time_low><event_low>0</event_low><min>91</min><event_min_avg>92.0</event_min_avg><event_min_avg_low></event_min_avg_low></spo2><pulse><avg>82.1</avg><min>74</min></pulse></analy_result><analy_para><spo2><drop>4</drop><min_time>10</min_time><max_time>180</max_time><oscillation>1</oscillation><max_avg>2</max_avg><criteria>88</criteria></spo2><pulse><drop>6</drop><time>8</time></pulse></analy_para></diagnosis>