<?xml version="1.0" encoding="utf-8"?><diagnosis><title></title><content></content><analy_result><event><totle><spo2>0</spo2><pulse>6</pulse></totle><time><spo2>0.0</spo2><pulse>3.9</pulse></time><avg><spo2></spo2><pulse>39.0</pulse></avg><index><spo2>0.0</spo2><pulse>33.2</pulse></index><artifact><spo2>0.0</spo2><pulse>0.0</pulse></artifact><artifact_index><spo2>0.0</spo2><pulse>33.2</pulse></artifact_index></event><spo2><basal>96.6</basal><time_low>0.0</time_low><event_low>0</event_low><min>93</min><event_min_avg></event_min_avg><event_min_avg_low></event_min_avg_low></spo2><pulse><avg>73.3</avg><min>67</min></pulse></analy_result><analy_para><spo2><drop>4</drop><min_time>10</min_time><max_time>180</max_time><oscillation>1</oscillation><max_avg>2</max_avg><criteria>88</criteria></spo2><pulse><drop>6</drop><time>8</time></pulse></analy_para></diagnosis>